<?xml version="1.0" encoding="UTF-8"?>

<!DOCTYPE mapper PUBLIC "-//mybatis.org//DTD Mapper 3.0//EN" 

"http://mybatis.org/dtd/mybatis-3-mapper.dtd">


<mapper namespace="com.game.mafia.dao.BoardDao">

	<select id="boardInfo" resultType="com.game.mafia.dto.BoardDto">
		select * from boardTable
	</select>

	<insert id="userInputRoom">
		insert into boardTable(userId1)
		values(#{userId1})
	</insert>


	<update id="userInputRoom1">
		update boardTable
		set userId1 = #{userId1}
		where
		boardNum = #{boardNum}
	</update>

	<update id="userInputRoom2">
		update boardTable
		set userId2 = #{userId2}
		where
		boardNum = #{boardNum}
	</update>



	<select id="roomInfo" resultType="com.game.mafia.dto.BoardDto">
		select * from boardTable
		WHERE
		boardNum = #{boardNum}
	</select>




	<update id="idCheckRoom1">

		update boardTable
		set userId1 = replace(userId1,#{userId},'')
	</update>
	<update id="idCheckRoom2">

		update boardTable
		set userId2 = replace(userId2,#{userId},'')
	</update>

	<delete id="boardDelete">

		DELETE FROM boardTable

		WHERE userId1 = '' and userId2='';

	</delete>

</mapper>
